NAME,TIME
ASHISH,16:42:57
ASHISH - COPY,00:35:13
ANUH,00:48:15
RRIYYA,00:48:18
SAM,00:48:24
AKANA,00:48:43
HARSH - COPY (2),00:56:16
UJWPHOTO,00:56:26
KAJOL - COPY,00:56:34
KARAN - COPY (2),00:56:42
SATWIKA,01:03:46
KMMANOSAH,01:03:53
UJWALAA,01:05:10
RACHEL,01:05:34
ARINA,01:10:50
ANUKSHA,01:10:55
SAMMMI,01:11:02
AMMAN,01:11:07
DHONI - COPY - COPY,01:11:10
APDILLOON,01:11:11
YUSUFF,01:15:06
AKANASHA,01:16:11
UJJWALAR,01:16:11
SANJAY,12:50:48
DEEPAKHHODDA,10:49:36
AJAYDEVGN,10:52:19
JOHNNYLEVER - COPY (2),10:54:34
KINGKHAN,11:12:09
BALAJI - COPY,11:13:23